hazard_context,job_zone,onet_soc2018_code,onet_soc2018_title
99,2,51-8091.00,Chemical Plant and System Operators
98,2,49-9051.00,Electrical Power-Line Installers and Repairers
98,3,49-9081.00,Wind Turbine Service Technicians
96,3,47-4021.00,Elevator and Escalator Installers and Repairers
96,2,47-5032.00,"Explosives Workers, Ordnance Handling Experts, and Blasters"
95,2,51-8099.01,Biofuels Processing Technicians
94,2,49-9099.01,Geothermal Technicians
94,2,51-8093.00,"Petroleum Pump System Operators, Refinery Operators, and Gaugers"
94,2,53-7073.00,Wellhead Pumpers
92,4,29-2011.04,Histotechnologists
91,2,51-8013.03,Biomass Plant Technicians
91,1,47-5011.00,"Derrick Operators, Oil and Gas"
91,2,47-5043.00,"Roof Bolters, Mining"
91,2,53-7121.00,"Tank Car, Truck, and Ship Loaders"
90,3,47-2111.00,Electricians
90,2,51-8013.00,Power Plant Operators
89,2,51-9011.00,Chemical Equipment Operators and Tenders
89,2,47-5013.00,"Service Unit Operators, Oil and Gas"
88,2,51-9023.00,"Mixing and Blending Machine Setters, Operators, and Tenders"
87,2,49-3021.00,Automotive Body and Related Repairers
87,3,19-4031.00,Chemical Technicians
87,3,29-2012.01,Histology Technicians
86,2,47-5044.00,"Loading and Moving Machine Operators, Underground Mining"
85,2,49-9045.00,"Refractory Materials Repairers, Except Brickmasons"
84,3,49-3023.00,Automotive Service Technicians and Mechanics
82,3,39-4011.00,Embalmers
82,2,47-5081.00,Helpers--Extraction Workers
82,2,51-4051.00,Metal-Refining Furnace Operators and Tenders
82,3,51-8021.00,Stationary Engineers and Boiler Operators
81,3,49-2095.00,"Electrical and Electronics Repairers, Powerhouse, Substation, and Relay"
81,3,19-4051.00,Nuclear Technicians
81,2,47-2231.00,Solar Photovoltaic Installers
80,2,51-4193.00,"Plating Machine Setters, Operators, and Tenders, Metal and Plastic"
80,2,47-5012.00,"Rotary Drill Operators, Oil and Gas"
79,4,29-2011.01,Cytogenetic Technologists
79,3,19-4099.01,Quality Control Analysts
79,2,51-8031.00,Water and Wastewater Treatment Plant and System Operators
78,4,11-3051.03,Biofuels Production Managers
78,2,53-7071.00,Gas Compressor and Gas Pumping Station Operators
78,2,53-7041.00,Hoist and Winch Operators
78,3,51-8013.04,Hydroelectric Plant Technicians
78,2,37-3012.00,"Pesticide Handlers, Sprayers, and Applicators, Vegetation"
77,2,51-2011.00,"Aircraft Structure, Surfaces, Rigging, and Systems Assemblers"
77,2,51-8092.00,Gas Plant Operators
77,2,51-9141.00,Semiconductor Processing Technicians
75,2,51-7021.00,Furniture Finishers
75,2,53-4022.00,"Railroad Brake, Signal, and Switch Operators and Locomotive Firers"
75,2,51-6061.00,Textile Bleaching and Dyeing Machine Operators and Tenders
74,3,49-9012.00,"Control and Valve Installers and Repairers, Except Mechanical Door"
74,3,53-5031.00,Ship Engineers
74,2,51-9197.00,Tire Builders
73,3,49-3011.00,Aircraft Mechanics and Service Technicians
73,2,51-4071.00,Foundry Mold and Coremakers
72,3,49-2092.00,"Electric Motor, Power Tool, and Related Repairers"
71,3,17-3021.00,Aerospace Engineering and Operations Technologists and Technicians
71,2,47-2181.00,Roofers
70,2,51-2051.00,Fiberglass Laminators and Fabricators
70,3,33-2011.00,Firefighters
70,3,33-1021.00,First-Line Supervisors of Firefighting and Prevention Workers
70,2,53-4041.00,Subway and Streetcar Operators
70,3,29-9093.00,Surgical Assistants
70,3,11-9199.09,Wind Energy Operations Managers
69,3,29-2012.00,Medical and Clinical Laboratory Technicians
69,2,49-9044.00,Millwrights
69,3,17-3024.01,Robotics Technicians
69,3,33-3052.00,Transit and Railroad Police
68,2,47-3013.00,Helpers--Electricians
68,3,49-9043.00,"Maintenance Workers, Machinery"
68,3,47-1011.03,Solar Energy Installation Managers
67,2,51-9124.00,"Coating, Painting, and Spraying Machine Setters, Operators, and Tenders"
67,5,29-2091.00,Orthotists and Prosthetists
67,2,49-9052.00,Telecommunications Line Installers and Repairers
67,2,53-6051.07,"Transportation Vehicle, Equipment and Systems Inspectors, Except Aviation"
66,4,19-2031.00,Chemists
65,5,29-2011.02,Cytotechnologists
65,4,17-2141.01,Fuel Cell Engineers
65,3,49-9021.00,"Heating, Air Conditioning, and Refrigeration Mechanics and Installers"
65,2,53-7062.00,"Laborers and Freight, Stock, and Material Movers, Hand"
65,2,51-5112.00,Printing Press Operators
65,2,53-7072.00,"Pump Operators, Except Wellhead Pumpers"
64,2,31-9093.00,Medical Equipment Preparers
63,3,49-2091.00,Avionics Technicians
63,5,19-1042.00,"Medical Scientists, Except Epidemiologists"
63,4,19-1022.00,Microbiologists
63,3,49-3042.00,"Mobile Heavy Equipment Mechanics, Except Engines"
62,3,49-3031.00,Bus and Truck Mechanics and Diesel Engine Specialists
62,2,47-5041.00,Continuous Mining Machine Operators
62,2,51-9081.00,Dental Laboratory Technicians
62,3,49-9071.00,"Maintenance and Repair Workers, General"
62,2,37-2021.00,Pest Control Workers
62,2,51-9012.00,"Separating, Filtering, Clarifying, Precipitating, and Still Machine Setters, Operators, and Tenders"
61,2,51-9193.00,Cooling and Freezing Equipment Operators and Tenders
61,3,49-2093.00,"Electrical and Electronics Installers and Repairers, Transportation Equipment"
61,3,11-3051.02,Geothermal Production Managers
61,3,49-3052.00,Motorcycle Mechanics
61,5,17-2199.09,Nanosystems Engineers
61,2,49-3043.00,Rail Car Repairers
61,2,47-2221.00,Structural Iron and Steel Workers
60,2,47-2021.00,Brickmasons and Blockmasons
60,3,53-2012.00,Commercial Pilots
60,2,51-9021.00,"Crushing, Grinding, and Polishing Machine Setters, Operators, and Tenders"
60,3,19-4013.00,Food Science Technicians
59,2,47-5023.00,"Earth Drillers, Except Oil and Gas"
59,3,49-2094.00,"Electrical and Electronics Repairers, Commercial and Industrial Equipment"
59,3,11-3051.06,Hydroelectric Production Managers
59,3,49-9041.00,Industrial Machinery Mechanics
59,3,51-9082.00,Medical Appliance Technicians
59,1,47-5071.00,"Roustabouts, Oil and Gas"
59,3,29-2055.00,Surgical Technologists
58,3,17-3027.01,Automotive Engineering Technicians
58,3,35-1011.00,Chefs and Head Cooks
58,2,37-1011.00,First-Line Supervisors of Housekeeping and Janitorial Workers
58,2,53-2031.00,Flight Attendants
58,2,51-4191.00,"Heat Treating Equipment Setters, Operators, and Tenders, Metal and Plastic"
58,2,49-9098.00,"Helpers--Installation, Maintenance, and Repair Workers"
58,2,53-4011.00,Locomotive Engineers
58,3,17-3029.08,Photonics Technicians
58,2,49-3093.00,Tire Repairers and Changers
58,2,51-4122.00,"Welding, Soldering, and Brazing Machine Setters, Operators, and Tenders"
57,5,25-1052.00,"Chemistry Teachers, Postsecondary"
57,3,49-3041.00,Farm Equipment Mechanics and Service Technicians
57,3,33-2022.00,Forest Fire Inspectors and Prevention Specialists
57,2,51-4072.00,"Molding, Coremaking, and Casting Machine Setters, Operators, and Tenders, Metal and Plastic"
57,2,53-5011.00,Sailors and Marine Oilers
56,4,11-9041.01,Biofuels/Biodiesel Technology and Product Development Managers
56,3,49-9062.00,Medical Equipment Repairers
56,1,51-9123.00,"Painting, Coating, and Decorating Workers"
56,2,51-9151.00,Photographic Process Workers and Processing Machine Operators
56,2,53-4031.00,Railroad Conductors and Yardmasters
55,2,47-2011.00,Boilermakers
55,2,51-2022.00,Electrical and Electronic Equipment Assemblers
55,3,11-9171.00,Funeral Home Managers
55,3,51-9071.06,Gem and Diamond Workers
55,2,51-4192.00,"Layout Workers, Metal and Plastic"
55,2,47-2171.00,Reinforcing Iron and Rebar Workers
54,2,53-7061.00,Cleaners of Vehicles and Equipment
54,2,31-9099.02,Endoscopy Technicians
54,3,51-1011.00,First-Line Supervisors of Production and Operating Workers
54,1,47-2043.00,Floor Sanders and Finishers
54,4,29-2011.00,Medical and Clinical Laboratory Technologists
54,2,17-3029.01,Non-Destructive Testing Specialists
54,3,47-2152.00,"Plumbers, Pipefitters, and Steamfitters"
54,2,47-2053.00,Terrazzo Workers and Finishers
54,5,29-1131.00,Veterinarians
53,5,29-1071.01,Anesthesiologist Assistants
53,5,19-1021.00,Biochemists and Biophysicists
53,2,51-2031.00,Engine and Other Machine Assemblers
53,3,49-3051.00,Motorboat Mechanics and Service Technicians
53,4,17-3026.01,Nanotechnology Engineering Technologists and Technicians
53,3,19-4051.02,Nuclear Monitoring Technicians
53,2,51-2041.00,Structural Metal Fabricators and Fitters
52,3,53-6051.01,Aviation Inspectors
52,4,11-3051.04,Biomass Power Plant Managers
52,2,51-4031.00,"Cutting, Punching, and Press Machine Setters, Operators, and Tenders, Metal and Plastic"
52,4,11-9072.00,"Entertainment and Recreation Managers, Except Gambling"
52,3,47-4041.00,Hazardous Materials Removal Workers
52,2,49-9031.00,Home Appliance Repairers
52,3,17-3027.00,Mechanical Engineering Technologists and Technicians
52,2,49-3092.00,Recreational Vehicle Service Technicians
52,3,47-2152.04,Solar Thermal Installers and Technicians
51,3,31-9091.00,Dental Assistants
51,3,17-3024.00,Electro-Mechanical and Mechatronics Technologists and Technicians
51,4,19-2032.00,Materials Scientists
51,5,19-1029.02,Molecular and Cellular Biologists
51,5,29-1222.00,"Physicians, Pathologists"
51,3,29-2056.00,Veterinary Technologists and Technicians
50,4,29-1141.01,Acute Care Nurses
50,2,53-6031.00,Automotive and Watercraft Service Attendants
50,3,53-5021.00,"Captains, Mates, and Pilots of Water Vessels"
50,5,19-1029.03,Geneticists
50,2,51-9061.00,"Inspectors, Testers, Sorters, Samplers, and Weighers"
50,2,53-5022.00,Motorboat Operators
50,3,19-5012.00,Occupational Health and Safety Technicians
50,2,49-9096.00,Riggers
50,2,31-9096.00,Veterinary Assistants and Laboratory Animal Caretakers
49,2,51-9191.00,Adhesive Bonding Machine Operators and Tenders
49,3,19-4012.00,Agricultural Technicians
49,3,53-2022.00,Airfield Operations Specialists
49,2,33-9011.00,Animal Control Workers
49,2,51-7011.00,Cabinetmakers and Bench Carpenters
49,3,13-1041.06,Coroners
49,3,33-3051.04,Customs and Border Protection Officers
49,3,47-1011.00,First-Line Supervisors of Construction Trades and Extraction Workers
49,5,29-1024.00,Prosthodontists
49,2,47-2211.00,Sheet Metal Workers
49,3,49-9097.00,Signal and Track Switch Repairers
48,2,51-2023.00,Electromechanical Equipment Assemblers
48,4,17-3025.00,Environmental Engineering Technologists and Technicians
48,2,45-4011.00,Forest and Conservation Workers
48,4,17-2131.00,Materials Engineers
48,4,17-2199.11,Solar Energy Systems Engineers
48,2,37-3013.00,Tree Trimmers and Pruners
47,3,49-9092.00,Commercial Divers
47,3,37-1012.00,"First-Line Supervisors of Landscaping, Lawn Service, and Groundskeeping Workers"
47,2,47-3016.00,Helpers--Roofers
47,3,31-9097.00,Phlebotomists
47,3,33-3051.00,Police and Sheriff's Patrol Officers
46,2,51-9192.00,"Cleaning, Washing, and Metal Pickling Equipment Operators and Tenders"
46,3,17-3023.00,Electrical and Electronic Engineering Technologists and Technicians
46,2,51-4021.00,"Extruding and Drawing Machine Setters, Operators, and Tenders, Metal and Plastic"
46,3,17-3026.00,Industrial Engineering Technologists and Technicians
46,2,49-9095.00,Manufactured Building and Mobile Home Installers
46,2,47-2141.00,"Painters, Construction and Maintenance"
46,1,47-5051.00,"Rock Splitters, Quarry"
46,2,51-4023.00,"Rolling Machine Setters, Operators, and Tenders, Metal and Plastic"
46,1,47-4071.00,Septic Tank Servicers and Sewer Pipe Cleaners
46,2,51-9195.03,"Stone Cutters and Carvers, Manufacturing"
46,2,51-4121.00,"Welders, Cutters, Solderers, and Brazers"
45,4,53-2011.00,"Airline Pilots, Copilots, and Flight Engineers"
45,5,29-1211.00,Anesthesiologists
45,3,49-2097.00,Audiovisual Equipment Installers and Repairers
45,4,19-4021.00,Biological Technicians
45,4,17-2041.00,Chemical Engineers
45,2,51-9162.00,Computer Numerically Controlled Tool Programmers
45,3,39-4031.00,"Morticians, Undertakers, and Funeral Arrangers"
45,2,49-3053.00,Outdoor Power Equipment and Other Small Engine Mechanics
45,2,51-4052.00,"Pourers and Casters, Metal"
45,3,29-1126.00,Respiratory Therapists
44,3,33-3021.00,Detectives and Criminal Investigators
44,3,49-1011.00,"First-Line Supervisors of Mechanics, Installers, and Repairers"
44,2,51-9195.04,"Glass Blowers, Molders, Benders, and Finishers"
44,2,33-9092.00,"Lifeguards, Ski Patrol, and Other Recreational Protective Service Workers"
44,3,51-8011.00,Nuclear Power Reactor Operators
44,4,19-5011.00,Occupational Health and Safety Specialists
44,2,47-2073.00,Operating Engineers and Other Construction Equipment Operators
44,2,51-9196.00,"Paper Goods Machine Setters, Operators, and Tenders"
44,2,47-4061.00,Rail-Track Laying and Maintenance Equipment Operators
44,3,49-2022.00,"Telecommunications Equipment Installers and Repairers, Except Line Installers"
43,4,11-9013.00,"Farmers, Ranchers, and Other Agricultural Managers"
43,2,51-3093.00,Food Cooking Machine Operators and Tenders
43,2,43-5041.00,"Meter Readers, Utilities"
43,5,11-9121.00,Natural Sciences Managers
43,5,29-1151.00,Nurse Anesthetists
43,2,47-4099.03,Weatherization Installers and Technicians
42,2,47-2031.00,Carpenters
42,4,17-2111.00,"Health and Safety Engineers, Except Mining Safety Engineers and Inspectors"
42,2,47-2131.00,"Insulation Workers, Floor, Ceiling, and Wall"
42,4,17-2121.00,Marine Engineers and Naval Architects
42,2,51-7042.00,"Woodworking Machine Setters, Operators, and Tenders, Except Sawing"
41,2,53-3011.00,"Ambulance Drivers and Attendants, Except Emergency Medical Technicians"
41,2,51-9194.00,Etchers and Engravers
41,2,49-9011.00,Mechanical Door Repairers
41,4,17-2199.08,Robotics Engineers
41,4,53-6051.00,Transportation Inspectors
41,2,33-9093.00,Transportation Security Screeners
40,2,47-2061.00,Construction Laborers
40,4,11-9021.00,Construction Managers
40,2,51-4035.00,"Milling and Planing Machine Setters, Operators, and Tenders, Metal and Plastic"
40,3,29-2099.01,Neurodiagnostic Technologists
40,2,47-2071.00,"Paving, Surfacing, and Tamping Equipment Operators"
40,2,47-2072.00,Pile Driver Operators
40,4,11-3051.01,Quality Control Systems Managers
39,2,51-9161.00,Computer Numerically Controlled Tool Operators
39,4,29-1141.03,Critical Care Nurses
39,5,29-1021.00,"Dentists, General"
39,4,19-4042.00,"Environmental Science and Protection Technicians, Including Health"
39,2,47-5022.00,"Excavating and Loading Machine and Dragline Operators, Surface Mining"
39,2,51-6091.00,"Extruding and Forming Machine Setters, Operators, and Tenders, Synthetic and Glass Fibers"
39,1,45-4021.00,Fallers
39,3,33-2021.00,Fire Inspectors and Investigators
39,3,19-4071.00,Forest and Conservation Technicians
39,2,51-9051.00,"Furnace, Kiln, Oven, Drier, and Kettle Operators and Tenders"
39,4,19-4043.00,"Geological Technicians, Except Hydrologic Technicians"
39,2,47-3015.00,"Helpers--Pipelayers, Plumbers, Pipefitters, and Steamfitters"
39,2,51-2092.00,Team Assemblers
38,3,19-4092.00,Forensic Science Technicians
38,2,47-2121.00,Glaziers
38,2,47-3011.00,"Helpers--Brickmasons, Blockmasons, Stonemasons, and Tile and Marble Setters"
38,2,47-2132.00,"Insulation Workers, Mechanical"
38,2,51-9195.00,"Molders, Shapers, and Casters, Except Metal and Plastic"
38,3,33-3021.02,Police Identification and Records Officers
38,3,51-8012.00,Power Distributors and Dispatchers
38,5,29-1229.03,Urologists
37,3,53-7021.00,Crane and Tower Operators
37,3,11-3013.00,Facilities Managers
37,2,33-1012.00,First-Line Supervisors of Police and Detectives
37,2,31-1132.00,Orderlies
37,3,29-1124.00,Radiation Therapists
37,2,33-9032.00,Security Guards
36,2,53-3032.00,Heavy and Tractor-Trailer Truck Drivers
36,2,47-2142.00,Paperhangers
36,2,51-5113.00,Print Binding and Finishing Workers
36,5,19-1013.00,Soil and Plant Scientists
35,5,25-1042.00,"Biological Science Teachers, Postsecondary"
35,3,29-2051.00,Dietetic Technicians
35,2,51-4032.00,"Drilling and Boring Machine Tool Setters, Operators, and Tenders, Metal and Plastic"
35,2,47-4051.00,Highway Maintenance Workers
35,5,29-1241.00,"Ophthalmologists, Except Pediatric"
35,2,53-4013.00,"Rail Yard Engineers, Dinkey Operators, and Hostlers"
34,5,25-1053.00,"Environmental Science Teachers, Postsecondary"
34,2,51-9041.00,"Extruding, Forming, Pressing, and Compacting Machine Setters, Operators, and Tenders"
34,3,45-1011.00,"First-Line Supervisors of Farming, Fishing, and Forestry Workers"
34,3,29-2034.00,Radiologic Technologists and Technicians
33,2,39-2021.00,Animal Caretakers
33,2,49-3091.00,Bicycle Repairers
33,1,47-3014.00,"Helpers--Painters, Paperhangers, Plasterers, and Stucco Masons"
33,5,29-1022.00,Oral and Maxillofacial Surgeons
33,2,51-6042.00,Shoe Machine Operators and Tenders
32,5,29-1141.04,Clinical Nurse Specialists
32,3,49-2011.00,"Computer, Automated Teller, and Office Machine Repairers"
32,2,53-7031.00,Dredge Operators
32,4,17-2199.03,"Energy Engineers, Except Wind and Solar"
32,2,35-2021.00,Food Preparation Workers
32,5,25-1043.00,"Forestry and Conservation Science Teachers, Postsecondary"
32,3,39-5012.00,"Hairdressers, Hairstylists, and Cosmetologists"
32,3,49-9063.00,Musical Instrument Repairers and Tuners
32,3,19-4012.01,Precision Agriculture Technicians
32,2,53-1042.01,Recycling Coordinators
31,4,17-2021.00,Agricultural Engineers
31,2,45-2011.00,Agricultural Inspectors
31,2,53-1041.00,Aircraft Cargo Handling Supervisors
31,4,17-2071.00,Electrical Engineers
31,3,49-2096.00,"Electronic Equipment Installers and Repairers, Motor Vehicles"
31,2,53-1042.00,"First-Line Supervisors of Helpers, Laborers, and Material Movers, Hand"
31,2,51-3092.00,Food Batchmakers
31,3,29-2033.00,Nuclear Medicine Technologists
31,2,47-2022.00,Stonemasons
31,2,51-4194.00,"Tool Grinders, Filers, and Sharpeners"
30,3,27-4011.00,Audio and Video Technicians
30,3,49-9061.00,Camera and Photographic Equipment Repairers
30,3,47-4011.00,Construction and Building Inspectors
30,4,19-2041.00,"Environmental Scientists and Specialists, Including Health"
30,4,33-3031.00,Fish and Game Wardens
30,2,51-4022.00,"Forging Machine Setters, Operators, and Tenders, Metal and Plastic"
30,4,11-3051.00,Industrial Production Managers
30,3,51-9071.00,Jewelers and Precious Stone and Metal Workers
30,1,37-2012.00,Maids and Housekeeping Cleaners
30,4,17-2151.00,"Mining and Geological Engineers, Including Mining Safety Engineers"
30,2,51-6093.00,Upholsterers
29,4,11-9199.11,Brownfield Redevelopment Specialists and Site Managers
29,5,29-1213.00,Dermatologists
29,1,45-3031.00,Fishing and Hunting Workers
29,2,47-3012.00,Helpers--Carpenters
29,1,51-3022.00,"Meat, Poultry, and Fish Cutters and Trimmers"
29,5,29-1171.00,Nurse Practitioners
29,3,51-4062.00,"Patternmakers, Metal and Plastic"
29,1,47-2151.00,Pipelayers
29,5,29-1081.00,Podiatrists
28,5,25-1051.00,"Atmospheric, Earth, Marine, and Space Sciences Teachers, Postsecondary"
28,3,29-1292.00,Dental Hygienists
28,4,13-1041.01,Environmental Compliance Inspectors
28,4,19-1012.00,Food Scientists and Technologists
28,2,51-9198.00,Helpers--Production Workers
28,1,37-3011.00,Landscaping and Groundskeeping Workers
28,1,51-6011.00,Laundry and Dry-Cleaning Workers
28,4,17-2112.03,Manufacturing Engineers
28,4,17-2161.00,Nuclear Engineers
28,1,47-2161.00,Plasterers and Stucco Masons
28,3,39-5094.00,Skincare Specialists
28,3,49-9064.00,Watch and Clock Repairers
27,2,51-2021.00,"Coil Winders, Tapers, and Finishers"
27,3,33-1011.00,First-Line Supervisors of Correctional Officers
27,3,31-9092.00,Medical Assistants
27,5,17-2199.06,Microsystems Engineers
27,4,17-2199.07,Photonics Engineers
27,3,49-2098.00,Security and Fire Alarm Systems Installers
27,2,43-5111.00,"Weighers, Measurers, Checkers, and Samplers, Recordkeeping"
26,2,35-2015.00,"Cooks, Short Order"
26,5,29-1214.00,Emergency Medicine Physicians
26,5,25-1032.00,"Engineering Teachers, Postsecondary"
26,4,17-2111.02,Fire-Prevention and Protection Engineers
26,2,51-9111.00,Packaging and Filling Machine Operators and Tenders
26,2,53-7064.00,"Packers and Packagers, Hand"
26,2,51-2061.00,Timing Device Assemblers and Adjusters
25,2,33-3012.00,Correctional Officers and Jailers
25,2,43-5021.00,Couriers and Messengers
25,3,17-3012.00,Electrical and Electronics Drafters
25,4,17-2072.00,"Electronics Engineers, Except Computer"
25,4,17-2081.00,Environmental Engineers
25,2,47-4031.00,Fence Erectors
25,5,19-2042.00,"Geoscientists, Except Hydrologists and Geographers"
25,2,53-3033.00,Light Truck Drivers
25,3,31-9094.00,Medical Transcriptionists
25,2,51-4081.00,"Multiple Machine Tool Setters, Operators, and Tenders, Metal and Plastic"
25,4,25-4013.00,Museum Technicians and Conservators
25,2,53-7062.04,Recycling and Reclamation Workers
25,2,51-7041.00,"Sawing Machine Setters, Operators, and Tenders, Wood"
25,4,17-1022.00,Surveyors
25,3,51-4111.00,Tool and Die Makers
24,2,53-3051.00,"Bus Drivers, School"
24,1,47-2051.00,Cement Masons and Concrete Finishers
24,4,13-1041.00,Compliance Officers
24,3,47-4011.01,Energy Auditors
24,5,29-1215.00,Family Medicine Physicians
24,2,51-9022.00,"Grinding and Polishing Workers, Hand"
24,2,53-7051.00,Industrial Truck and Tractor Operators
24,5,29-1161.00,Nurse Midwives
24,4,17-2171.00,Petroleum Engineers
24,5,29-1071.00,Physician Assistants
24,4,17-2112.02,Validation Engineers
23,5,19-1011.00,Animal Scientists
23,3,25-1194.00,"Career/Technical Education Teachers, Postsecondary"
23,2,47-2041.00,Carpet Installers
23,3,27-1012.00,Craft Artists
23,2,51-9032.00,"Cutting and Slicing Machine Setters, Operators, and Tenders"
23,4,17-2112.00,Industrial Engineers
23,3,13-1032.00,"Insurance Appraisers, Auto Damage"
23,3,29-2035.00,Magnetic Resonance Imaging Technologists
23,4,21-1092.00,Probation Officers and Correctional Treatment Specialists
23,4,19-1031.02,Range Managers
23,2,47-4091.00,Segmental Pavers
23,2,43-5071.00,"Shipping, Receiving, and Inventory Clerks"
22,5,19-1029.04,Biologists
22,4,11-9161.00,Emergency Management Directors
22,2,53-7063.00,Machine Feeders and Offbearers
22,3,39-5091.00,"Makeup Artists, Theatrical and Performance"
22,4,27-2012.05,Media Technical Directors/Managers
22,2,41-2022.00,Parts Salespersons
22,3,51-7032.00,"Patternmakers, Wood"
22,4,11-3013.01,Security Managers
22,5,27-1027.00,Set and Exhibit Designers
22,4,19-1023.00,Zoologists and Wildlife Biologists
21,4,17-2011.00,Aerospace Engineers
21,2,43-5011.00,Cargo and Freight Agents
21,1,53-7011.00,Conveyor Operators and Tenders
21,2,35-2014.00,"Cooks, Restaurant"
21,3,39-1022.00,First-Line Supervisors of Personal Service Workers
21,5,29-1229.02,Hospitalists
21,2,39-5092.00,Manicurists and Pedicurists
21,4,17-2199.05,Mechatronics Engineers
21,3,29-2057.00,Ophthalmic Medical Technicians
21,3,29-2052.00,Pharmacy Technicians
20,4,17-2141.02,Automotive Engineers
20,2,53-6011.00,Bridge and Lock Tenders
20,3,17-3022.00,Civil Engineering Technologists and Technicians
20,2,35-2012.00,"Cooks, Institution and Cafeteria"
20,2,47-2042.00,"Floor Layers, Except Carpet, Wood, and Hard Tiles"
20,3,13-1041.04,Government Property Inspectors and Investigators
20,2,51-4033.00,"Grinding, Lapping, Polishing, and Buffing Machine Tool Setters, Operators, and Tenders, Metal and Plastic"
20,3,51-5111.00,Prepress Technicians and Workers
20,1,51-6021.00,"Pressers, Textile, Garment, and Related Materials"
20,4,41-4011.00,"Sales Representatives, Wholesale and Manufacturing, Technical and Scientific Products"
19,5,25-1041.00,"Agricultural Sciences Teachers, Postsecondary"
19,4,17-2031.00,Bioengineers and Biomedical Engineers
19,3,27-4012.00,Broadcast Technicians
19,2,39-3092.00,Costume Attendants
19,2,47-2081.00,Drywall and Ceiling Tile Installers
19,1,45-2092.00,"Farmworkers and Laborers, Crop, Nursery, and Greenhouse"
19,4,13-1081.00,Logisticians
19,4,17-2141.00,Mechanical Engineers
19,5,29-1218.00,Obstetricians and Gynecologists
19,5,29-1221.00,"Pediatricians, General"
19,3,31-2021.00,Physical Therapist Assistants
19,5,25-1054.00,"Physics Teachers, Postsecondary"
19,3,49-2021.00,"Radio, Cellular, and Tower Equipment Installers and Repairers"
19,2,53-7081.00,Refuse and Recyclable Material Collectors
19,5,25-9044.00,"Teaching Assistants, Postsecondary"
19,3,53-6041.00,Traffic Technicians
19,4,11-3071.00,"Transportation, Storage, and Distribution Managers"
18,2,39-9011.00,Childcare Workers
18,5,25-9021.00,Farm and Home Management Educators
18,4,19-1032.00,Foresters
18,3,37-2011.00,"Janitors and Cleaners, Except Maids and Housekeeping Cleaners"
18,4,13-1081.02,Logistics Analysts
18,3,51-4041.00,Machinists
18,4,17-2051.02,Water/Wastewater Engineers
17,4,25-2032.00,"Career/Technical Education Teachers, Secondary School"
17,3,53-1043.00,First-Line Supervisors of Material-Moving Machine and Vehicle Operators
17,2,51-3091.00,"Food and Tobacco Roasting, Baking, and Drying Machine Operators and Tenders"
17,3,29-2061.00,Licensed Practical and Licensed Vocational Nurses
17,3,17-3013.00,Mechanical Drafters
17,5,29-1023.00,Orthodontists
17,5,29-1051.00,Pharmacists
17,3,51-9195.05,"Potters, Manufacturing"
17,4,29-1141.00,Registered Nurses
17,4,13-1199.07,Security Management Specialists
17,3,41-4011.07,Solar Sales Representatives and Assessors
17,2,47-2082.00,Tapers
16,3,29-2031.00,Cardiovascular Technologists and Technicians
16,2,49-9091.00,"Coin, Vending, and Amusement Machine Servicers and Repairers"
16,4,21-1094.00,Community Health Workers
16,2,13-1074.00,Farm Labor Contractors
16,4,13-1081.01,Logistics Engineers
16,5,29-9099.01,Midwives
16,5,25-1072.00,"Nursing Instructors and Teachers, Postsecondary"
16,2,43-4151.00,Order Clerks
16,2,51-6062.00,"Textile Cutting Machine Setters, Operators, and Tenders"
16,3,39-7011.00,Tour Guides and Escorts
16,4,11-9121.02,Water Resource Specialists
15,3,27-4031.00,"Camera Operators, Television, Video, and Film"
15,4,15-1241.00,Computer Network Architects
15,2,53-3031.00,Driver/Sales Workers
15,5,19-2043.00,Hydrologists
15,2,49-9094.00,Locksmiths and Safe Repairers
15,2,51-9083.00,Ophthalmic Laboratory Technicians
15,2,31-2022.00,Physical Therapist Aides
15,5,29-1229.05,Preventive Medicine Physicians
15,2,51-6041.00,Shoe and Leather Workers and Repairers
15,2,39-7012.00,Travel Guides
14,2,45-2021.00,Animal Breeders
14,5,11-9041.00,Architectural and Engineering Managers
14,2,49-3022.00,Automotive Glass Installers and Repairers
14,3,27-1013.00,"Fine Artists, Including Painters, Sculptors, and Illustrators"
14,2,33-9031.00,Gambling Surveillance Officers and Gambling Investigators
14,2,43-9071.00,"Office Machine Operators, Except Computer"
14,2,43-5051.00,Postal Service Clerks
14,2,51-6064.00,"Textile Winding, Twisting, and Drawing Out Machine Setters, Operators, and Tenders"
14,4,17-2051.01,Transportation Engineers
13,2,39-2011.00,Animal Trainers
13,4,19-1031.00,Conservation Scientists
13,5,25-4012.00,Curators
13,3,29-2032.00,Diagnostic Medical Sonographers
13,2,45-2093.00,"Farmworkers, Farm, Ranch, and Aquacultural Animals"
13,2,39-4021.00,Funeral Attendants
13,5,17-2112.01,Human Factors Engineers and Ergonomists
13,4,11-9199.08,Loss Prevention Managers
13,4,39-9032.00,Recreation Workers
13,3,15-1241.01,Telecommunications Engineering Specialists
13,2,47-2044.00,Tile and Stone Setters
12,2,51-3011.00,Bakers
12,4,15-2099.01,Bioinformatics Technicians
12,4,27-3011.00,Broadcast Announcers and Radio Disc Jockeys
12,4,17-2051.00,Civil Engineers
12,3,35-2013.00,"Cooks, Private Household"
12,2,41-2012.00,Gambling Change Persons and Booth Cashiers
12,4,17-1022.01,Geodetic Surveyors
12,3,51-4061.00,"Model Makers, Metal and Plastic"
12,2,11-9131.00,Postmasters and Mail Superintendents
12,1,51-6031.00,Sewing Machine Operators
11,3,11-3012.00,Administrative Services Managers
11,2,35-3011.00,Bartenders
11,5,19-1029.01,Bioinformatics Scientists
11,4,13-1021.00,"Buyers and Purchasing Agents, Farm Products"
11,4,17-2061.00,Computer Hardware Engineers
11,3,15-1299.08,Computer Systems Engineers/Architects
11,1,35-2011.00,"Cooks, Fast Food"
11,5,25-1071.00,"Health Specialties Teachers, Postsecondary"
11,5,19-2041.03,Industrial Ecologists
11,4,29-2036.00,Medical Dosimetrists
11,3,31-1131.00,Nursing Assistants
11,3,31-2012.00,Occupational Therapy Aides
11,3,29-2099.05,Ophthalmic Medical Technologists
11,2,31-9095.00,Pharmacy Aides
11,4,11-9141.00,"Property, Real Estate, and Community Association Managers"
11,4,17-2072.01,Radio Frequency Identification Device Specialists
11,2,39-5093.00,Shampooers
11,3,11-9179.02,Spa Managers
11,3,17-3031.00,Surveying and Mapping Technicians
11,4,17-2199.10,Wind Energy Engineers
10,5,29-1229.01,Allergists and Immunologists
10,4,13-2023.00,Appraisers and Assessors of Real Estate
10,3,17-3011.00,Architectural and Civil Drafters
10,5,25-1121.00,"Art, Drama, and Music Teachers, Postsecondary"
10,2,41-1011.00,First-Line Supervisors of Retail Sales Workers
10,2,33-1091.00,First-Line Supervisors of Security Workers
10,3,43-4111.00,"Interviewers, Except Eligibility and Loan"
10,4,11-9111.00,Medical and Health Services Managers
10,3,31-2011.00,Occupational Therapy Assistants
10,5,19-2012.00,Physicists
10,4,41-9031.00,Sales Engineers
9,5,29-1141.02,Advanced Practice Psychiatric Nurses
9,1,45-2091.00,Agricultural Equipment Operators
9,4,13-2022.00,Appraisers of Personal and Business Property
9,5,17-1011.00,"Architects, Except Landscape and Naval"
9,2,27-2021.00,Athletes and Sports Competitors
9,5,29-9091.00,Athletic Trainers
9,5,11-1011.03,Chief Sustainability Officers
9,5,29-1011.00,Chiropractors
9,4,11-9121.01,Clinical Research Coordinators
9,4,11-3021.00,Computer and Information Systems Managers
9,2,41-2021.00,Counter and Rental Clerks
9,2,43-5032.00,"Dispatchers, Except Police, Fire, and Ambulance"
9,5,19-2041.02,Environmental Restoration Planners
9,2,35-3041.00,"Food Servers, Nonrestaurant"
9,4,11-1021.00,General and Operations Managers
9,4,27-3091.00,Interpreters and Translators
9,2,51-4034.00,"Lathe and Turning Machine Tool Setters, Operators, and Tenders, Metal and Plastic"
9,2,45-4023.00,Log Graders and Scalers
9,1,45-4022.00,Logging Equipment Operators
9,2,39-3021.00,Motion Picture Projectionists
9,5,29-1224.00,Radiologists
9,4,13-1199.05,Sustainability Specialists
9,2,51-6063.00,"Textile Knitting and Weaving Machine Setters, Operators, and Tenders"
8,5,19-3091.00,Anthropologists and Archeologists
8,4,25-2023.00,"Career/Technical Education Teachers, Middle School"
8,5,11-1011.00,Chief Executives
8,4,27-1021.00,Commercial and Industrial Designers
8,4,13-2099.04,"Fraud Examiners, Investigators and Analysts"
8,4,11-3121.00,Human Resources Managers
8,4,15-1212.00,Information Security Analysts
8,4,13-1075.00,Labor Relations Specialists
8,3,25-4031.00,Library Technicians
8,4,13-1111.00,Management Analysts
8,3,51-7031.00,"Model Makers, Wood"
8,5,29-1299.01,Naturopathic Physicians
8,3,29-2081.00,"Opticians, Dispensing"
8,4,19-1031.03,Park Naturalists
8,2,43-5052.00,Postal Service Mail Carriers
8,3,27-4014.00,Sound Engineering Technicians
8,3,25-9043.00,"Teaching Assistants, Special Education"
7,5,25-1061.00,"Anthropology and Archeology Teachers, Postsecondary"
7,5,15-1221.00,Computer and Information Research Scientists
7,3,27-2031.00,Dancers
7,5,29-1031.00,Dietitians and Nutritionists
7,1,35-9021.00,Dishwashers
7,3,27-1022.00,Fashion Designers
7,2,11-9051.00,Food Service Managers
7,5,29-1216.00,General Internal Medicine Physicians
7,4,27-1025.00,Interior Designers
7,3,27-4021.00,Photographers
7,5,29-1123.00,Physical Therapists
7,3,33-9021.00,Private Detectives and Investigators
7,2,43-5061.00,"Production, Planning, and Expediting Clerks"
7,4,11-3061.00,Purchasing Managers
7,4,41-9021.00,Real Estate Brokers
7,4,29-1125.00,Recreational Therapists
7,4,11-9199.01,Regulatory Affairs Managers
7,4,13-1151.00,Training and Development Specialists
7,4,11-9199.10,Wind Energy Development Managers
6,2,27-2011.00,Actors
6,5,29-1129.01,Art Therapists
6,4,19-2021.00,Atmospheric and Space Scientists
6,4,27-2022.00,Coaches and Scouts
6,5,25-1111.00,"Criminal Justice and Law Enforcement Teachers, Postsecondary"
6,2,43-4051.00,Customer Service Representatives
6,4,29-1128.00,Exercise Physiologists
6,5,25-1192.00,"Family and Consumer Sciences Teachers, Postsecondary"
6,4,41-1012.00,First-Line Supervisors of Non-Retail Sales Workers
6,5,29-9092.00,Genetic Counselors
6,4,25-2012.00,"Kindergarten Teachers, Except Special Education"
6,2,41-9012.00,Models
6,2,31-1122.00,Personal Care Aides
6,2,33-9099.02,Retail Loss Prevention Specialists
6,2,41-2031.00,Retail Salespersons
6,4,11-3071.04,Supply Chain Managers
6,2,43-3071.00,Tellers
5,5,23-1022.00,"Arbitrators, Mediators, and Conciliators"
5,5,25-4011.00,Archivists
5,3,33-3011.00,Bailiffs
5,2,39-6012.00,Concierges
5,4,13-1051.00,Cost Estimators
5,4,11-9179.01,Fitness and Wellness Coordinators
5,4,19-3092.00,Geographers
5,5,21-1022.00,Healthcare Social Workers
5,4,17-1012.00,Landscape Architects
5,3,27-1026.00,Merchandise Displayers and Window Trimmers
5,5,29-1229.04,Physical Medicine and Rehabilitation Physicians
5,2,43-5053.00,"Postal Service Mail Sorters, Processors, and Processing Machine Operators"
5,5,25-1193.00,"Recreation and Fitness Studies Teachers, Postsecondary"
5,4,25-2031.00,"Secondary School Teachers, Except Special and Career/Technical Education"
5,4,25-2057.00,"Special Education Teachers, Middle School"
5,2,53-7065.00,Stockers and Order Fillers
5,3,25-9042.00,"Teaching Assistants, Preschool, Elementary, Middle, and Secondary School, Except Special Education"
5,2,27-2023.00,"Umpires, Referees, and Other Sports Officials"
4,5,25-2059.01,Adapted Physical Education Specialists
4,3,53-2021.00,Air Traffic Controllers
4,4,17-1021.00,Cartographers and Photogrammetrists
4,4,13-1141.00,"Compensation, Benefits, and Job Analysis Specialists"
4,4,11-9199.02,Compliance Managers
4,3,15-1232.00,Computer User Support Specialists
4,2,33-9091.00,Crossing Guards and Flaggers
4,1,51-9031.00,"Cutters and Trimmers, Hand"
4,1,35-9011.00,Dining Room and Cafeteria Attendants and Bartender Helpers
4,1,41-9091.00,"Door-to-Door Sales Workers, News and Street Vendors, and Related Workers"
4,5,19-1041.00,Epidemiologists
4,3,43-1011.00,First-Line Supervisors of Office and Administrative Support Workers
4,3,15-1299.02,Geographic Information Systems Technologists and Technicians
4,4,21-1091.00,Health Education Specialists
4,5,15-1211.01,Health Informatics Specialists
4,2,39-3093.00,"Locker Room, Coatroom, and Dressing Room Attendants"
4,2,43-9051.00,"Mail Clerks and Mail Machine Operators, Except Postal Service"
4,4,15-1244.00,Network and Computer Systems Administrators
4,4,27-3023.00,"News Analysts, Reporters, and Journalists"
4,3,29-2053.00,Psychiatric Technicians
4,3,41-9022.00,Real Estate Sales Agents
4,4,11-2022.00,Sales Managers
4,3,25-3021.00,Self-Enrichment Teachers
4,4,11-9151.00,Social and Community Service Managers
4,4,27-1014.00,Special Effects Artists and Animators
4,4,11-3131.00,Training and Development Managers
3,5,29-1291.00,Acupuncturists
3,4,25-3011.00,"Adult Basic Education, Adult Secondary Education, and English as a Second Language Instructors"
3,1,39-3091.00,Amusement and Recreation Attendants
3,5,25-1031.00,"Architecture Teachers, Postsecondary"
3,5,19-2011.00,Astronomers
3,1,35-3023.01,Baristas
3,2,53-3052.00,"Bus Drivers, Transit and Intercity"
3,4,13-1031.00,"Claims Adjusters, Examiners, and Investigators"
3,5,25-1122.00,"Communications Teachers, Postsecondary"
3,4,15-1231.00,Computer Network Support Specialists
3,3,15-1211.00,Computer Systems Analysts
3,5,11-9033.00,"Education Administrators, Postsecondary"
3,5,25-1064.00,"Geography Teachers, Postsecondary"
3,1,45-2041.00,"Graders and Sorters, Agricultural Products"
3,2,31-1121.00,Home Health Aides
3,4,15-1299.09,Information Technology Project Managers
3,5,25-9031.00,Instructional Coordinators
3,4,11-9081.00,Lodging Managers
3,5,15-2021.00,Mathematicians
3,5,21-1014.00,Mental Health Counselors
3,4,29-1129.02,Music Therapists
3,4,13-1199.06,Online Merchants
3,5,15-2031.00,Operations Research Analysts
3,5,29-1041.00,Optometrists
3,5,29-1299.02,Orthoptists
3,2,53-6061.00,Passenger Attendants
3,2,31-1133.00,Psychiatric Aides
3,3,39-9041.00,Residential Advisors
3,5,19-3034.00,School Psychologists
3,4,15-1253.00,Software Quality Assurance Analysts and Testers
3,5,29-1127.00,Speech-Language Pathologists
3,4,43-9111.00,Statistical Assistants
2,4,13-2011.00,Accountants and Auditors
2,4,11-2011.00,Advertising and Promotions Managers
2,2,51-3021.00,Butchers and Meat Cutters
2,4,21-1021.00,"Child, Family, and School Social Workers"
2,5,19-3033.00,Clinical and Counseling Psychologists
2,3,43-9031.00,Desktop Publishers
2,2,43-4071.00,File Clerks
2,2,35-1012.00,First-Line Supervisors of Food Preparation and Serving Workers
2,2,39-3011.00,Gambling Dealers
2,1,35-9031.00,"Hosts and Hostesses, Restaurant, Lounge, and Coffee Shop"
2,5,19-3032.00,Industrial-Organizational Psychologists
2,4,41-3021.00,Insurance Sales Agents
2,4,33-3021.06,Intelligence Analysts
2,5,25-1112.00,"Law Teachers, Postsecondary"
2,5,25-4022.00,Librarians and Media Collections Specialists
2,4,11-2021.00,Marketing Managers
2,4,13-1121.00,"Meeting, Convention, and Event Planners"
2,4,27-2041.00,Music Directors and Composers
2,4,27-2042.00,Musicians and Singers
2,5,29-1217.00,Neurologists
2,5,19-3039.02,Neuropsychologists
2,2,43-9061.00,"Office Clerks, General"
2,4,27-2012.00,Producers and Directors
2,4,19-2099.01,Remote Sensing Scientists and Technologists
2,4,41-4012.00,"Sales Representatives, Wholesale and Manufacturing, Except Technical and Scientific Products"
2,2,53-3053.00,Shuttle Drivers and Chauffeurs
2,4,19-4061.00,Social Science Research Assistants
2,4,25-2056.00,"Special Education Teachers, Elementary School"
2,5,29-1229.06,Sports Medicine Physicians
2,5,19-3051.00,Urban and Regional Planners
2,2,39-3031.00,"Ushers, Lobby Attendants, and Ticket Takers"
2,2,35-3031.00,Waiters and Waitresses
2,3,13-1022.00,"Wholesale and Retail Buyers, Except Farm Products"
1,5,25-1062.00,"Area, Ethnic, and Cultural Studies Teachers, Postsecondary"
1,3,43-3021.00,Billing and Posting Clerks
1,5,15-2041.01,Biostatisticians
1,4,13-1199.04,Business Continuity Planners
1,5,19-3039.03,Clinical Neuropsychologists
1,3,27-3092.00,Court Reporters and Simultaneous Captioners
1,2,43-4031.00,"Court, Municipal, and License Clerks"
1,4,15-1243.01,Data Warehousing Specialists
1,4,15-1242.00,Database Administrators
1,4,15-1243.00,Database Architects
1,4,15-1299.03,Document Management Specialists
1,3,43-4061.00,"Eligibility Interviewers, Government Programs"
1,1,35-3023.00,Fast Food and Counter Workers
1,4,27-4032.00,Film and Video Editors
1,2,39-1013.00,First-Line Supervisors of Gambling Services Workers
1,2,27-1023.00,Floral Designers
1,4,27-1024.00,Graphic Designers
1,5,19-3093.00,Historians
1,3,43-4161.00,"Human Resources Assistants, Except Payroll and Timekeeping"
1,4,15-1299.05,Information Security Engineers
1,4,13-2053.00,Insurance Underwriters
1,5,23-1023.00,"Judges, Magistrate Judges, and Magistrates"
1,5,23-1012.00,Judicial Law Clerks
1,4,13-1161.00,Market Research Analysts and Marketing Specialists
1,3,31-9011.00,Massage Therapists
1,4,27-2012.03,Media Programming Directors
1,2,43-6013.00,Medical Secretaries and Administrative Assistants
1,4,25-2022.00,"Middle School Teachers, Except Special and Career/Technical Education"
1,3,23-2011.00,Paralegals and Legal Assistants
1,2,33-3041.00,Parking Enforcement Workers
1,2,43-3061.00,Procurement Clerks
1,5,29-1223.00,Psychiatrists
1,2,43-5031.00,Public Safety Telecommunicators
1,4,13-1023.00,"Purchasing Agents, Except Wholesale, Retail, and Farm Products"
1,4,19-4099.03,Remote Sensing Technicians
1,2,43-4181.00,Reservation and Transportation Ticket Agents and Travel Clerks
1,2,43-6014.00,"Secretaries and Administrative Assistants, Except Legal, Medical, and Executive"
1,2,51-3023.00,Slaughterers and Meat Packers
1,4,21-1093.00,Social and Human Service Assistants
1,4,25-2058.00,"Special Education Teachers, Secondary School"
1,4,27-3042.00,Technical Writers
1,2,23-2093.00,"Title Examiners, Abstractors, and Searchers"
1,4,19-3099.01,Transportation Planners
0,4,15-2011.00,Actuaries
0,5,23-1021.00,"Administrative Law Judges, Adjudicators, and Hearing Officers"
0,4,41-3011.00,Advertising Sales Agents
0,4,13-1011.00,"Agents and Business Managers of Artists, Performers, and Athletes"
0,4,27-1011.00,Art Directors
0,5,29-1181.00,Audiologists
0,2,39-6011.00,Baggage Porters and Bellhops
0,3,39-5011.00,Barbers
0,2,43-3011.00,Bill and Account Collectors
0,3,43-3031.00,"Bookkeeping, Accounting, and Auditing Clerks"
0,3,43-4011.00,Brokerage Clerks
0,4,13-2031.00,Budget Analysts
0,4,15-2051.01,Business Intelligence Analysts
0,5,25-1011.00,"Business Teachers, Postsecondary"
0,2,41-2011.00,Cashiers
0,3,27-2032.00,Choreographers
0,5,21-2011.00,Clergy
0,5,19-2041.01,Climate Change Policy Analysts
0,4,15-2051.02,Clinical Data Managers
0,4,11-3111.00,Compensation and Benefits Managers
0,4,15-1251.00,Computer Programmers
0,5,25-1021.00,"Computer Science Teachers, Postsecondary"
0,2,43-4021.00,Correspondence Clerks
0,4,13-2041.00,Credit Analysts
0,2,43-4041.00,"Credit Authorizers, Checkers, and Clerks"
0,4,13-2071.00,Credit Counselors
0,3,13-1041.08,Customs Brokers
0,2,43-9021.00,Data Entry Keyers
0,2,41-9011.00,Demonstrators and Product Promoters
0,4,21-2021.00,"Directors, Religious Activities and Education"
0,5,25-1063.00,"Economics Teachers, Postsecondary"
0,5,19-3011.00,Economists
0,4,27-3041.00,Editors
0,5,11-9032.00,"Education Administrators, Kindergarten through Secondary"
0,4,11-9031.00,"Education and Childcare Administrators, Preschool and Daycare"
0,5,25-1081.00,"Education Teachers, Postsecondary"
0,5,21-1012.00,"Educational, Guidance, and Career Counselors and Advisors"
0,4,25-2021.00,"Elementary School Teachers, Except Special Education"
0,5,25-1123.00,"English Language and Literature Teachers, Postsecondary"
0,5,19-3011.01,Environmental Economists
0,4,13-1041.03,Equal Opportunity Representatives and Officers
0,3,43-6011.00,Executive Secretaries and Executive Administrative Assistants
0,3,39-9031.00,Exercise Trainers and Group Fitness Instructors
0,3,51-6092.00,Fabric and Apparel Patternmakers
0,4,13-2061.00,Financial Examiners
0,4,11-3031.00,Financial Managers
0,5,13-2099.01,Financial Quantitative Analysts
0,5,25-1124.00,"Foreign Language and Literature Teachers, Postsecondary"
0,2,43-5011.01,Freight Forwarders
0,4,13-1131.00,Fundraisers
0,4,11-2033.00,Fundraising Managers
0,2,39-3012.00,Gambling and Sports Book Writers and Runners
0,2,43-3041.00,Gambling Cage Workers
0,2,11-9071.00,Gambling Managers
0,3,29-2092.00,Hearing Aid Specialists
0,5,25-1125.00,"History Teachers, Postsecondary"
0,2,43-4081.00,"Hotel, Motel, and Resort Desk Clerks"
0,4,13-1071.00,Human Resources Specialists
0,2,43-9041.00,Insurance Claims and Policy Processing Clerks
0,5,11-3031.03,Investment Fund Managers
0,5,23-1011.00,Lawyers
0,3,43-6012.00,Legal Secretaries and Administrative Assistants
0,2,43-4121.00,"Library Assistants, Clerical"
0,5,25-1082.00,"Library Science Teachers, Postsecondary"
0,3,43-4131.00,Loan Interviewers and Clerks
0,4,13-2072.00,Loan Officers
0,5,29-1122.01,"Low Vision Therapists, Orientation and Mobility Specialists, and Vision Rehabilitation Therapists"
0,5,21-1013.00,Marriage and Family Therapists
0,5,25-1022.00,"Mathematical Science Teachers, Postsecondary"
0,5,21-1023.00,Mental Health and Substance Abuse Social Workers
0,2,39-9011.01,Nannies
0,3,43-4141.00,New Accounts Clerks
0,5,29-1122.00,Occupational Therapists
0,2,53-6021.00,Parking Attendants
0,3,29-2099.08,Patient Representatives
0,3,43-3051.00,Payroll and Timekeeping Clerks
0,4,13-2052.00,Personal Financial Advisors
0,5,25-1126.00,"Philosophy and Religion Teachers, Postsecondary"
0,4,27-3043.05,"Poets, Lyricists and Creative Writers"
0,5,25-1065.00,"Political Science Teachers, Postsecondary"
0,5,19-3094.00,Political Scientists
0,3,25-2011.00,"Preschool Teachers, Except Special Education"
0,4,43-9081.00,Proofreaders and Copy Markers
0,5,25-1066.00,"Psychology Teachers, Postsecondary"
0,4,27-3031.00,Public Relations Specialists
0,2,43-4171.00,Receptionists and Information Clerks
0,4,13-1041.07,Regulatory Affairs Specialists
0,4,21-1015.00,Rehabilitation Counselors
0,4,13-1161.01,Search Marketing Strategists
0,4,41-3031.00,"Securities, Commodities, and Financial Services Sales Agents"
0,1,51-6051.00,"Sewers, Hand"
0,5,25-1113.00,"Social Work Teachers, Postsecondary"
0,5,19-3041.00,Sociologists
0,5,25-1067.00,"Sociology Teachers, Postsecondary"
0,4,15-1252.00,Software Developers
0,5,25-2051.00,"Special Education Teachers, Preschool"
0,3,31-9099.01,Speech-Language Pathology Assistants
0,5,15-2041.00,Statisticians
0,5,21-1011.00,Substance Abuse and Behavioral Disorder Counselors
0,4,25-3031.00,"Substitute Teachers, Short-Term"
0,5,19-3022.00,Survey Researchers
0,2,43-2011.00,"Switchboard Operators, Including Answering Service"
0,2,51-6052.00,"Tailors, Dressmakers, and Custom Sewers"
0,4,27-2012.04,Talent Directors
0,3,13-2081.00,"Tax Examiners and Collectors, and Revenue Agents"
0,3,13-2082.00,Tax Preparers
0,2,41-9041.00,Telemarketers
0,2,43-2021.00,Telephone Operators
0,3,41-3041.00,Travel Agents
0,4,11-3031.01,Treasurers and Controllers
0,3,25-3041.00,Tutors
0,4,15-1255.01,Video Game Designers
0,4,15-1299.01,Web Administrators
0,3,15-1254.00,Web Developers
0,2,43-9022.00,Word Processors and Typists
0,4,27-3043.00,Writers and Authors